id,namae,name,mail,pass,ope
173,新北,栃原トマはせちまち,tomonobu.umeda0404@gmail.com,ff,
177,aaaa,栃原トマはせちまちh;hhlkl;uokjk,tomonobu.umeda0404@gmail.com,af,
155,f,栃原トマはせちまち,tomonobu.umeda0404@gmail.com,g,
180,ta,,,,
181,fa,,,,
182,ga,,,,
183,ba,,,,
185,fsldjflajkflsafads,栃原トマはせちまち,tomonobu.umeda0404@gmail.com,,
151,aaa,栃原トマはせちまちfffo,tomonobu.umeda0404@gmail.com,a,123j5
153,会とか,会とか,tomonobu.umeda0404@gmail.com,はとし,
154,ffa,栃原トマはせちまち,tomonobu.umeda0404@gmail.com,,
157,test,栃原トマはせちまち,tomonobu.umeda0404@gmail.com,,
170,fsfhsdlkjflakjnfdl l hnshgos lajgsl ;nfljs adflsndl nfal nfdna ,vantan,tomonobu.umeda0404@gmail.com,,
